,Name,Age,#days,Lev,Date,Tm, ,Opp,G,GS,W,L,SV,IP,H,R,ER,BB,SO,HR,HBP,ERA,GSc,AB,2B,3B,IBB,GDP,SF,SB,CS,PO,BF,Pit,Str,StL,StS,GB/FB,LD,PU,WHIP,BAbip,SO9,SO/W,mlbID
1,Elvis Alvarado,27,0,Maj-AL,"Aug 9, 2026",Athletics,@,Boston,1,0,1.0,,,1.0,0,0,0,0,1,0,0,0.0,,3,0,0,0,0,0,0,0,0,3,11,0.73,0.0,0.36,0.5,0.0,0.0,0.0,0.0,9.0,,665660
2,Shaun Anderson,31,0,Maj-AL,"Aug 9, 2026",Los Angeles,@,Miami,1,0,,,,1.0,6,6,6,1,2,1,0,54.0,,9,0,0,0,0,0,0,0,0,10,31,0.65,0.23,0.1,0.57,0.29,0.0,7.0,0.833,18.0,2.0,641312
3,Tejay Antone,32,0,Maj-NL,"Aug 9, 2026",Cincinnati,@,Washington,1,0,,,,1.0,3,3,3,1,2,0,0,27.0,,6,1,0,1,0,0,1,0,0,7,27,0.74,0.19,0.22,0.5,0.25,0.0,4.0,0.75,18.0,2.0,622088
4,Aaron Ashby,28,0,Maj-NL,"Aug 9, 2026",Milwaukee,,Minnesota,1,0,,,,1.0,1,0,0,1,3,0,0,0.0,,5,0,0,0,0,0,0,0,0,6,27,0.59,0.15,0.22,1.0,0.0,0.0,2.0,0.5,27.0,3.0,676879
5,Javier Assad,28,0,Maj-NL,"Aug 9, 2026",Chicago,@,Kansas City,1,0,,,,1.0,0,0,0,0,0,0,0,0.0,,3,0,0,0,0,0,0,0,0,3,5,0.8,0.0,0.0,0.33,0.0,0.0,0.0,0.0,0.0,,665871
6,Brady Basso,28,0,Maj-AL,"Aug 9, 2026",Athletics,@,Boston,1,0,,,,1.0,0,0,0,0,0,0,0,0.0,,3,0,0,0,0,0,0,0,0,3,9,0.67,0.0,0.22,0.33,0.67,0.0,0.0,0.0,0.0,,669620
7,Eduard Bazardo,30,0,Maj-AL,"Aug 9, 2026",Seattle,,Tampa Bay,1,0,,,,1.2,2,0,0,0,0,0,0,0.0,,6,0,0,0,1,0,0,0,0,6,21,0.67,0.14,0.05,0.33,0.17,0.17,1.2,0.333,0.0,,660825
8,Brayan Bello,27,0,Maj-AL,"Aug 9, 2026",Boston,,Athletics,1,0,,,,4.0,3,1,1,0,4,0,0,2.25,,15,1,1,0,0,0,0,0,0,15,51,0.67,0.18,0.14,0.73,0.09,0.0,0.75,0.273,9.0,,678394
9,Shane Bieber,31,0,Maj-AL,"Aug 9, 2026",Toronto,@,Philadelphia,1,1,,,,5.2,6,5,5,3,4,2,0,7.94,38,23,0,0,0,0,0,1,0,0,26,97,0.54,0.18,0.09,0.32,0.26,0.21,1.588,0.235,6.4,1.33,669456
10,Jake Bird,30,0,Maj-NL,"Aug 9, 2026",Washington,,Cincinnati,1,0,,,,1.0,0,0,0,0,2,0,0,0.0,,3,0,0,0,0,0,0,0,0,3,12,0.67,0.25,0.17,0.0,0.0,1.0,0.0,0.0,18.0,,656234
11,Paul Blackburn,32,0,Maj-AL,"Aug 9, 2026",New York,,Atlanta,1,0,,1.0,,2.0,1,1,0,0,2,0,0,0.0,,6,0,0,0,0,0,0,1,0,6,23,0.7,0.09,0.09,0.75,0.0,0.0,0.5,0.25,9.0,,621112
12,AJ Blubaugh,25,0,Maj-AL,"Aug 9, 2026",Houston,@,San Diego,1,0,,,,2.0,2,1,1,0,1,1,0,4.5,,8,1,0,0,0,0,0,0,0,8,25,0.72,0.12,0.16,0.29,0.43,0.0,1.0,0.167,4.5,,805123
13,Cam Booser,34,0,Maj-AL,"Aug 9, 2026",Tampa Bay,@,Seattle,1,0,,,,1.0,1,0,0,0,2,0,0,0.0,,4,0,0,0,0,0,0,0,0,4,14,0.64,0.07,0.21,0.0,0.5,0.0,1.0,0.5,18.0,,592155
14,Matthew Boyd,35,0,Maj-NL,"Aug 9, 2026",Chicago,@,Kansas City,1,1,1.0,,,7.0,5,2,2,3,3,1,0,2.57,59,24,0,1,0,0,0,0,1,1,27,98,0.65,0.19,0.08,0.33,0.33,0.14,1.143,0.2,3.9,1.0,571510
15,Huascar Brazob\xc3\xa1n,36,0,Maj-AL,"Aug 9, 2026",Chicago,,Cleveland,1,0,,,,1.2,0,0,0,0,1,0,0,0.0,,5,0,0,0,0,0,0,0,0,5,22,0.59,0.18,0.14,0.0,0.25,0.0,0.0,0.0,5.4,,623211
16,Justin Bruihl,29,0,Maj-NL,"Aug 9, 2026",St. Louis,,Colorado,1,0,,,,1.1,0,0,0,0,1,0,0,0.0,,4,0,0,0,0,0,0,0,0,4,9,0.89,0.22,0.22,0.33,0.0,0.0,0.0,0.0,6.8,,677865
17,Brock Burke,29,0,Maj-NL,"Aug 9, 2026",Cincinnati,@,Washington,1,0,,,,1.0,2,1,1,0,2,0,0,9.0,,5,0,0,0,0,0,1,0,1,5,18,0.72,0.11,0.17,0.33,0.33,0.0,2.0,0.667,18.0,,656271
18,Joey Cantillo,26,0,Maj-AL,"Aug 9, 2026",Cleveland,@,Chicago,1,1,,,,1.0,3,1,1,0,3,0,0,9.0,46,6,2,0,0,0,0,1,0,0,6,31,0.68,0.13,0.13,0.33,0.33,0.0,3.0,1.0,27.0,,676282
19,Kervin Castro,27,0,Maj-AL,"Aug 9, 2026",New York,,Atlanta,1,0,,,,1.0,0,0,0,0,1,0,0,0.0,,3,0,0,0,0,0,0,0,0,3,6,1.0,0.17,0.33,1.0,0.0,0.0,0.0,0.0,9.0,,665645
20,Aroldis Chapman,38,0,Maj-AL,"Aug 9, 2026",Boston,,Athletics,1,0,,1.0,,1.0,2,1,1,1,0,0,0,9.0,,5,1,0,0,0,0,1,0,0,6,23,0.52,0.04,0.04,0.4,0.0,0.0,3.0,0.4,0.0,0.0,547973
21,Taylor Clarke,33,0,Maj-NL,"Aug 9, 2026",Arizona,,Los Angeles,1,0,,,,1.0,1,0,0,0,0,0,0,0.0,,3,0,0,0,1,0,0,0,0,3,9,0.67,0.0,0.22,1.0,0.0,0.0,1.0,0.333,0.0,,664199
22,Nick Davila,27,0,Maj-AL,"Aug 9, 2026",Seattle,,Tampa Bay,1,0,,,,1.0,0,0,0,0,0,0,0,0.0,,3,0,0,0,0,0,0,0,0,3,6,1.0,0.33,0.0,0.0,0.0,0.67,0.0,0.0,0.0,,689546
23,Will Dion,26,0,Maj-NL,"Aug 9, 2026",Washington,,Cincinnati,1,0,1.0,,,3.0,1,0,0,0,1,0,0,0.0,,10,1,0,0,0,0,0,0,0,10,41,0.73,0.15,0.12,0.33,0.22,0.0,0.333,0.111,3.0,,702021
24,Randy Dobnak,31,0,Maj-AL,"Aug 9, 2026",Kansas City,,Chicago,1,1,,1.0,,5.0,10,4,4,1,4,0,0,7.2,34,24,1,0,0,0,1,1,0,0,26,94,0.69,0.18,0.06,0.62,0.14,0.0,2.2,0.476,7.2,4.0,677976
25,Dylan Dodd,28,0,Maj-NL,"Aug 9, 2026",Atlanta,@,New York,1,0,,,,0.2,0,0,0,1,1,0,0,0.0,,2,0,0,0,0,0,0,0,0,3,11,0.45,0.18,0.09,0.0,0.0,0.0,1.5,0.0,13.5,1.0,689266
27,Camilo Doval,28,0,Maj-NL,"Aug 9, 2026",Pittsburgh,,New York,1,0,,,,1.0,1,0,0,1,3,0,0,0.0,,4,0,0,0,0,0,0,0,1,5,28,0.57,0.14,0.14,1.0,0.0,0.0,2.0,1.0,27.0,3.0,666808
28,Jhoan Duran,28,0,Maj-NL,"Aug 9, 2026",Philadelphia,,Toronto,1,0,,,,1.0,1,0,0,1,1,0,0,0.0,,3,0,0,0,1,0,0,0,0,4,11,0.45,0.0,0.18,1.0,0.0,0.0,2.0,0.5,9.0,1.0,661395
29,Josh Ekness,24,0,Maj-NL,"Aug 9, 2026",Miami,,Los Angeles,1,0,,,,1.0,1,1,1,1,1,0,0,9.0,,4,0,0,0,0,0,0,0,0,5,13,0.46,0.08,0.08,0.0,0.33,0.0,2.0,0.333,9.0,1.0,694795
30,Lucas Erceg,31,0,Maj-AL,"Aug 9, 2026",Kansas City,,Chicago,1,0,,,,1.0,2,0,0,0,2,0,0,0.0,,5,0,0,0,0,0,0,0,0,5,17,0.71,0.24,0.12,0.33,0.67,0.0,2.0,0.667,18.0,,668674
31,Jeremiah Estrada,27,0,Maj-NL,"Aug 9, 2026",San Diego,,Houston,1,0,,,,1.0,0,0,0,0,2,0,0,0.0,,3,0,0,0,0,0,0,0,0,3,12,0.75,0.17,0.17,1.0,0.0,0.0,0.0,0.0,18.0,,669093
32,Lazaro Estrada,27,0,Maj-AL,"Aug 9, 2026",Toronto,@,Philadelphia,1,0,,1.0,,0.1,3,2,1,1,0,0,0,27.0,,4,0,0,1,0,0,0,0,0,5,14,0.64,0.07,0.07,0.5,0.25,0.0,12.0,0.75,0.0,0.0,681751
33,Calvin Faucher,30,0,Maj-NL,"Aug 9, 2026",Miami,,Los Angeles,1,0,,,,1.0,2,0,0,1,1,0,0,0.0,,5,0,0,0,0,0,0,0,0,6,29,0.66,0.21,0.07,0.75,0.0,0.25,3.0,0.5,9.0,1.0,676534
34,Jose A. Ferrer,26,0,Maj-AL,"Aug 9, 2026",Seattle,,Tampa Bay,1,0,,,,1.1,3,2,2,1,1,0,0,13.5,,7,1,0,1,0,0,0,0,0,8,22,0.68,0.23,0.05,0.67,0.33,0.0,3.0,0.5,6.8,1.0,678606
35,Kyle Finnegan,34,0,Maj-AL,"Aug 9, 2026",Detroit,@,San Francisco,1,0,,,,0.2,1,0,0,0,1,0,0,0.0,,3,0,0,0,0,0,1,0,0,3,18,0.67,0.33,0.06,1.0,0.0,0.0,1.5,0.5,13.5,,640448
36,Braydon Fisher,25,0,Maj-AL,"Aug 9, 2026",Toronto,@,Philadelphia,1,0,,,,2.0,0,0,0,3,0,0,0,0.0,,4,0,0,2,0,0,0,0,0,8,17,0.47,0.06,0.0,0.2,0.2,0.4,1.5,0.0,0.0,0.0,680755
37,Rafael Flores,25,0,Maj-NL,"Aug 9, 2026",Pittsburgh,,New York,1,0,,,,1.0,2,0,0,0,0,0,0,0.0,,5,0,0,0,0,0,0,0,0,5,8,0.88,0.13,0.13,0.4,0.4,0.0,2.0,0.4,0.0,,804668
38,Mason Fluharty,24,0,Maj-AL,"Aug 9, 2026",Toronto,@,Philadelphia,1,0,,,,1.0,0,0,0,0,1,0,0,0.0,,3,0,0,0,0,0,0,0,0,3,11,0.64,0.18,0.18,0.5,0.0,0.0,0.0,0.0,9.0,,689254
39,Jason Foley,30,0,Maj-NL,"Aug 9, 2026",San Francisco,,Detroit,1,0,,,,0.2,0,0,0,1,2,0,0,0.0,,2,0,0,0,0,0,0,0,0,3,18,0.56,0.11,0.06,,,,1.5,,27.0,2.0,671345
40,Didier Fuentes,21,0,Maj-NL,"Aug 9, 2026",Atlanta,@,New York,1,0,,,,1.1,1,1,1,0,3,1,0,6.75,,5,0,0,0,0,0,0,0,0,5,19,0.63,0.16,0.26,0.0,0.0,0.0,0.75,0.0,20.3,,800311
41,Kody Funderburk,29,0,Maj-AL,"Aug 9, 2026",Minnesota,@,Milwaukee,1,0,,,,1.0,0,0,0,1,2,0,0,0.0,,2,0,0,1,0,0,0,0,0,4,15,0.6,0.0,0.27,1.0,0.0,0.0,1.0,,18.0,2.0,681892
42,Hunter Gaddis,28,0,Maj-AL,"Aug 9, 2026",Cleveland,@,Chicago,1,0,,,,1.2,0,0,0,1,2,0,0,0.0,,5,0,0,0,0,0,0,0,0,6,25,0.56,0.04,0.08,0.0,0.0,0.33,0.6,0.0,10.8,2.0,683769
43,Kevin Ginkel,32,0,Maj-NL,"Aug 9, 2026",Arizona,,Los Angeles,1,0,,,1.0,1.0,0,0,0,0,2,0,0,0.0,,3,0,0,0,0,0,0,0,0,3,13,0.77,0.08,0.31,0.0,0.0,0.0,0.0,0.0,18.0,,656464
44,J.T. Ginn,27,0,Maj-AL,"Aug 9, 2026",Athletics,@,Boston,1,1,,,,6.0,5,3,1,2,2,0,2,1.5,54,22,0,0,0,1,1,0,0,0,27,95,0.57,0.14,0.11,0.38,0.29,0.14,1.167,0.238,3.0,1.0,669372
45,Yoendrys G\xc3\xb3mez,26,0,Maj-AL,"Aug 9, 2026",Minnesota,@,Milwaukee,1,0,,1.0,,0.1,1,1,0,1,1,0,0,0.0,,2,0,0,1,0,0,0,0,0,3,9,0.89,0.11,0.33,0.0,1.0,0.0,6.0,1.0,27.0,1.0,672782
46,Tanner Gordon,28,0,Maj-NL,"Aug 9, 2026",Colorado,@,St. Louis,1,0,,1.0,,3.1,4,2,2,0,2,0,0,5.4,,12,0,0,0,1,0,0,0,0,13,48,0.71,0.13,0.1,0.64,0.18,0.0,1.2,0.4,5.4,,685299
47,Tyron Guerrero,35,0,Maj-AL,"Aug 9, 2026",Boston,,Athletics,1,0,,,,1.0,0,0,0,0,1,0,0,0.0,,3,0,0,0,0,0,0,0,0,3,15,0.73,0.07,0.27,1.0,0.0,0.0,0.0,0.0,9.0,,594027
48,Ryan Gusto,27,0,Maj-NL,"Aug 9, 2026",Miami,,Los Angeles,1,1,,,,4.0,3,2,2,1,4,1,0,4.5,51,17,2,0,0,0,0,0,0,0,18,60,0.73,0.35,0.07,0.38,0.23,0.0,1.0,0.167,9.0,4.0,687473
49,DL Hall,27,0,Maj-NL,"Aug 9, 2026",Milwaukee,,Minnesota,1,0,1.0,,,1.0,0,0,0,0,1,0,0,0.0,,3,0,0,0,0,0,0,0,0,3,11,0.73,0.09,0.09,0.0,0.0,0.5,0.0,0.0,9.0,,669084
50,Emerson Hancock,27,0,Maj-AL,"Aug 9, 2026",Seattle,,Tampa Bay,1,1,,1.0,,4.2,9,2,2,1,3,0,1,3.86,40,23,1,0,0,0,0,0,0,0,25,96,0.64,0.1,0.08,0.45,0.2,0.05,2.143,0.45,5.8,3.0,676106
51,Hogan Harris,29,0,Maj-AL,"Aug 9, 2026",Athletics,@,Boston,1,0,,,1.0,1.0,1,0,0,1,1,0,0,0.0,,4,0,0,0,0,0,0,0,0,5,20,0.7,0.3,0.05,0.67,0.33,0.0,2.0,0.333,9.0,1.0,663687
53,Kyle Hart,33,0,Maj-NL,"Aug 9, 2026",San Diego,,Houston,1,0,,,,1.0,0,0,0,0,1,0,0,0.0,,3,0,0,0,0,0,0,0,0,3,7,0.86,0.29,0.14,0.5,0.0,0.0,0.0,0.0,9.0,,606996
54,Tyler Heineman,35,0,Maj-AL,"Aug 9, 2026",Los Angeles,@,Miami,1,0,,,,1.0,2,1,1,0,0,1,0,9.0,,5,0,0,0,0,0,0,0,0,5,14,0.64,0.14,0.0,0.6,0.0,0.0,2.0,0.25,0.0,,623168
55,Edgardo Henriquez,24,0,Maj-NL,"Aug 9, 2026",Los Angeles,@,Arizona,1,0,,,,0.2,0,0,0,0,0,0,0,0.0,,2,0,0,0,0,0,0,0,0,2,10,0.8,0.3,0.0,0.0,0.0,0.5,0.0,0.0,0.0,,683618
56,Sam Hentges,29,0,Maj-NL,"Aug 9, 2026",San Francisco,,Detroit,1,0,,1.0,,0.1,2,2,1,0,0,0,0,27.0,,3,0,0,0,0,0,0,0,0,3,12,0.58,0.08,0.17,0.33,0.33,0.0,6.0,0.667,0.0,,656529
57,Jonathan Hern\xc3\xa1ndez,29,0,Maj-NL,"Aug 9, 2026",Los Angeles,@,Arizona,1,0,,,,2.0,0,0,0,0,1,0,0,0.0,,6,0,0,0,0,0,0,0,0,6,26,0.69,0.12,0.12,0.8,0.0,0.0,0.0,0.0,4.5,,642546
58,Tim Herrin,29,0,Maj-AL,"Aug 9, 2026",Cleveland,@,Chicago,1,0,,,,1.2,1,0,0,0,2,0,1,0.0,,4,1,0,0,0,0,0,1,0,5,24,0.58,0.13,0.17,0.5,0.5,0.0,0.6,0.5,10.8,,682120
59,Jordan Hicks,29,0,Maj-AL,"Aug 9, 2026",Chicago,,Cleveland,1,0,,,,1.0,1,0,0,0,1,0,0,0.0,,4,0,0,0,0,0,0,0,0,4,14,0.64,0.0,0.14,0.67,0.0,0.33,1.0,0.333,9.0,,663855
60,Yaramil Hiraldo,30,0,Maj-AL,"Aug 9, 2026",Baltimore,@,Texas,1,0,1.0,,,2.0,1,0,0,1,3,0,1,0.0,,7,0,0,0,0,0,0,0,0,9,32,0.59,0.16,0.13,0.0,0.25,0.25,1.0,0.25,13.5,3.0,682274
61,Colin Holderman,30,0,Maj-AL,"Aug 9, 2026",Cleveland,@,Chicago,1,0,,,,1.2,0,0,0,1,2,0,1,0.0,,5,0,0,0,0,0,0,0,0,7,26,0.54,0.19,0.08,0.33,0.0,0.0,0.6,0.0,10.8,2.0,670059
62,Grant Holmes,30,0,Maj-NL,"Aug 9, 2026",Atlanta,@,New York,1,1,,,,6.0,3,0,0,2,2,0,0,0.0,66,19,1,0,0,1,0,0,0,0,21,77,0.62,0.12,0.1,0.53,0.29,0.06,0.833,0.177,3.0,1.0,656550
63,Tyler Holton,30,0,Maj-AL,"Aug 9, 2026",Detroit,@,San Francisco,1,0,,,1.0,1.0,0,0,0,0,3,0,0,0.0,,3,0,0,0,0,0,0,0,0,3,12,0.83,0.42,0.33,,,,0.0,,27.0,,663947
64,Alex Hoppe,27,0,Maj-AL,"Aug 9, 2026",Baltimore,@,Texas,1,0,,,,1.0,2,0,0,0,0,0,0,0.0,,5,0,0,0,0,0,0,0,0,5,14,0.71,0.21,0.07,0.8,0.2,0.0,2.0,0.4,0.0,,695380
65,Bryan Hudson,29,0,Maj-AL,"Aug 9, 2026",Chicago,,Cleveland,1,0,,,,1.0,1,0,0,0,1,0,0,0.0,,4,0,0,0,0,0,0,0,0,4,17,0.59,0.24,0.0,0.67,0.0,0.0,1.0,0.333,9.0,,663542
66,Kyle Hurt,28,0,Maj-NL,"Aug 9, 2026",Los Angeles,@,Arizona,1,0,,,,1.0,0,0,0,0,1,0,0,0.0,,3,0,0,0,0,0,0,0,0,3,9,0.67,0.11,0.22,0.0,0.0,0.0,0.0,0.0,9.0,,669165
67,Raisel Iglesias,36,0,Maj-NL,"Aug 9, 2026",Atlanta,@,New York,1,0,1.0,,,1.0,0,0,0,0,2,0,0,0.0,,3,0,0,0,0,0,0,0,0,3,10,0.7,0.3,0.2,0.0,1.0,0.0,0.0,0.0,18.0,,628452
68,Kenley Jansen,38,0,Maj-AL,"Aug 9, 2026",Detroit,@,San Francisco,1,0,1.0,,,1.0,0,0,0,0,3,0,0,0.0,,3,0,0,0,0,0,0,0,0,3,15,0.73,0.07,0.4,,,,0.0,,27.0,,445276
69,Cristian Javier,29,0,Maj-AL,"Aug 9, 2026",Houston,@,San Diego,1,1,,1.0,,5.0,8,4,4,1,2,2,0,7.2,36,23,0,0,0,0,0,0,0,0,24,86,0.72,0.19,0.05,0.14,0.29,0.0,1.8,0.316,3.6,2.0,664299
70,Jared Jones,24,0,Maj-NL,"Aug 9, 2026",Pittsburgh,,New York,1,1,,1.0,,3.0,6,8,8,3,3,1,2,24.0,15,14,0,1,0,0,1,0,0,0,20,69,0.64,0.07,0.13,0.25,0.33,0.08,3.0,0.455,9.0,1.0,683003
71,Orion Kerkering,25,0,Maj-NL,"Aug 9, 2026",Philadelphia,,Toronto,1,0,,,,1.0,4,3,3,0,0,0,0,27.0,,7,1,0,0,0,0,0,0,0,7,27,0.67,0.26,0.04,0.14,0.29,0.0,4.0,0.571,0.0,,689147
72,Caleb Kilian,29,0,Maj-NL,"Aug 9, 2026",Philadelphia,,Toronto,1,0,1.0,,,1.0,1,1,0,0,0,0,0,0.0,,3,0,0,0,1,0,0,0,0,3,13,0.69,0.08,0.0,0.33,0.33,0.33,1.0,0.333,0.0,,668873
73,Bryan King,29,0,Maj-AL,"Aug 9, 2026",Houston,@,San Diego,1,0,,,,1.0,2,2,2,0,3,1,0,18.0,,5,0,0,0,0,0,0,0,0,5,24,0.63,0.25,0.13,0.0,1.0,0.0,2.0,1.0,27.0,,687911
74,Tyler Kinley,35,0,Maj-NL,"Aug 9, 2026",Atlanta,@,New York,1,0,,,1.0,1.0,0,0,0,0,1,0,0,0.0,,3,0,0,0,0,0,0,0,0,3,10,0.7,0.1,0.1,0.5,0.0,0.5,0.0,0.0,9.0,,641755
75,Andrew Kittredge,36,0,Maj-AL,"Aug 9, 2026",Baltimore,@,Texas,1,0,,,,1.0,0,0,0,0,0,0,0,0.0,,3,0,0,0,0,0,0,0,0,3,6,0.83,0.33,0.0,0.67,0.0,0.0,0.0,0.0,0.0,,552640
76,Casey Legumina,29,0,Maj-AL,"Aug 9, 2026",Tampa Bay,@,Seattle,1,0,,,,1.0,0,0,0,0,0,0,0,0.0,,3,0,0,0,0,0,0,0,0,3,14,0.79,0.14,0.0,0.33,0.0,0.33,0.0,0.0,0.0,,668984
77,Brendon Little,29,0,Maj-AL,"Aug 9, 2026",Toronto,@,Philadelphia,1,0,,,,1.0,0,0,0,2,3,0,0,0.0,,3,0,0,0,0,0,2,0,0,5,22,0.55,0.18,0.23,,,,2.0,,27.0,1.5,663893
79,Brad Lord,26,0,Maj-NL,"Aug 9, 2026",Washington,,Cincinnati,1,1,,,,2.2,2,1,1,0,4,0,1,3.38,54,9,0,0,0,0,1,0,0,0,11,51,0.71,0.1,0.12,0.33,0.5,0.0,0.75,0.333,13.5,,695418
80,Michael Lorenzen,34,0,Maj-NL,"Aug 9, 2026",Colorado,@,St. Louis,1,1,,,,4.1,8,4,2,3,1,1,0,4.15,33,19,1,0,0,0,1,0,0,0,23,97,0.59,0.14,0.05,0.53,0.26,0.05,2.539,0.389,2.1,0.33,547179
81,Jes\xc3\xbas Luzardo,28,0,Maj-NL,"Aug 9, 2026",Philadelphia,,Toronto,1,1,,,,7.0,4,2,2,1,12,0,0,2.57,72,25,1,0,0,0,0,0,0,0,27,100,0.7,0.22,0.2,0.5,0.36,0.07,0.714,0.308,15.4,12.0,666200
82,Sean Manaea,34,0,Maj-NL,"Aug 9, 2026",New York,@,Pittsburgh,1,1,1.0,,,7.0,3,1,1,0,11,1,1,1.29,78,24,1,0,0,0,0,0,0,0,25,91,0.76,0.21,0.18,0.31,0.15,0.08,0.429,0.167,14.1,,640455
83,Davis Martin,29,0,Maj-AL,"Aug 9, 2026",Chicago,,Cleveland,1,1,,,,1.0,2,2,1,1,1,0,0,9.0,43,4,0,0,0,0,1,1,0,0,6,23,0.65,0.22,0.13,0.25,0.75,0.0,3.0,0.5,9.0,1.0,663436
84,Steven Matz,35,0,Maj-AL,"Aug 9, 2026",Tampa Bay,@,Seattle,1,0,,,1.0,1.0,0,0,0,0,0,0,1,0.0,,4,0,0,0,0,0,0,0,0,5,14,0.71,0.21,0.07,0.25,0.0,0.0,0.0,0.0,0.0,,571927
85,Tim Mayza,34,0,Maj-NL,"Aug 9, 2026",Philadelphia,,Toronto,1,0,,,,1.0,0,0,0,1,2,0,0,0.0,,3,0,0,0,0,0,0,0,0,4,16,0.63,0.19,0.25,0.0,0.0,0.0,1.0,0.0,18.0,2.0,641835
86,Easton McGee,28,0,Maj-AL,"Aug 9, 2026",Kansas City,,Chicago,1,0,,,,2.0,5,6,6,2,3,2,0,27.0,,11,2,0,0,0,0,0,0,0,13,41,0.68,0.12,0.1,0.25,0.13,0.0,3.5,0.5,13.5,1.5,668834
87,Michael McGreevy,25,0,Maj-NL,"Aug 9, 2026",St. Louis,,Colorado,1,1,,,,5.2,8,3,3,2,4,1,0,4.76,43,24,2,0,0,1,0,0,0,0,26,102,0.58,0.09,0.1,0.2,0.25,0.2,1.765,0.368,6.4,2.0,700241
88,Trevor Megill,32,0,Maj-NL,"Aug 9, 2026",Milwaukee,,Minnesota,1,0,,,,1.0,0,0,0,0,2,0,0,0.0,,3,0,0,0,0,0,0,0,0,3,13,0.69,0.23,0.15,1.0,0.0,0.0,0.0,0.0,18.0,,656730
89,Troy Melton,25,0,Maj-AL,"Aug 9, 2026",Detroit,@,San Francisco,1,1,,,,6.0,4,1,0,1,5,0,0,0.0,66,21,0,1,0,0,0,0,0,0,22,92,0.65,0.12,0.15,0.19,0.19,0.19,0.833,0.25,7.5,5.0,675512
90,Spencer Miles,25,0,Maj-AL,"Aug 9, 2026",Toronto,@,Philadelphia,1,0,,,,0.1,0,0,0,0,1,0,0,0.0,,1,0,0,0,0,0,0,0,0,1,4,0.75,0.25,0.25,,,,0.0,,27.0,,693686
91,Erik Miller,28,0,Maj-AL,"Aug 9, 2026",Boston,,Athletics,1,1,,,,1.0,2,1,0,0,2,0,0,0.0,49,5,0,0,0,0,0,0,0,0,5,17,0.65,0.06,0.29,1.0,0.0,0.0,2.0,0.667,18.0,,669062
92,A.J. Minter,32,0,Maj-AL,"Aug 9, 2026",Minnesota,@,Milwaukee,1,0,,,,1.1,1,0,0,1,0,0,0,0.0,,4,0,0,1,0,0,0,0,0,6,16,0.56,0.19,0.0,0.8,0.0,0.2,1.5,0.25,0.0,0.0,621345
93,Jacob Misiorowski,24,0,Maj-NL,"Aug 9, 2026",Milwaukee,,Minnesota,1,1,,,,6.0,4,3,3,1,9,2,0,4.5,60,22,0,0,0,0,0,0,0,0,23,94,0.74,0.14,0.21,0.38,0.0,0.23,0.833,0.182,13.5,9.0,694819
94,Jordan Montgomery,33,0,Maj-AL,"Aug 9, 2026",Texas,,Baltimore,1,0,,,,4.0,6,3,3,1,2,2,0,6.75,,18,0,0,0,0,0,2,0,0,19,79,0.62,0.19,0.05,0.5,0.19,0.06,1.75,0.286,4.5,2.0,656756
95,Mason Montgomery,26,0,Maj-NL,"Aug 9, 2026",Pittsburgh,,New York,1,0,,,,1.0,0,0,0,0,3,0,0,0.0,,3,0,0,0,0,0,0,0,0,3,15,0.67,0.2,0.27,,,,0.0,,27.0,,682254
96,Jovani Mor\xc3\xa1n,29,0,Maj-AL,"Aug 9, 2026",Boston,,Athletics,1,0,,,,1.0,0,0,0,0,1,0,0,0.0,,3,0,0,0,0,0,0,0,0,3,15,0.67,0.13,0.2,0.5,0.0,0.0,0.0,0.0,9.0,,663558
97,Andrew Morris,24,0,Maj-AL,"Aug 9, 2026",Minnesota,@,Milwaukee,1,0,,,,0.2,0,0,0,2,0,0,0,0.0,,2,0,0,0,0,0,0,0,0,4,14,0.36,0.07,0.0,0.0,0.0,0.0,3.0,0.0,0.0,0.0,702193
98,Parker Mushinski,30,0,Maj-NL,"Aug 9, 2026",Colorado,@,St. Louis,1,0,,,,0.1,2,1,1,0,0,0,0,27.0,,3,1,0,0,0,0,0,0,0,3,7,0.57,0.14,0.0,0.33,0.33,0.0,6.0,0.667,0.0,,656786
99,Tommy Nance,35,0,Maj-AL,"Aug 9, 2026",Minnesota,@,Milwaukee,1,0,,,,1.0,1,0,0,0,1,0,0,0.0,,4,0,0,0,0,0,0,0,0,4,11,0.82,0.27,0.18,0.33,0.33,0.0,1.0,0.333,9.0,,667297
100,Sean Newcomb,33,0,Maj-AL,"Aug 9, 2026",Chicago,,Cleveland,1,0,,,,1.1,1,0,0,1,2,0,0,0.0,,5,0,0,0,0,0,0,0,0,6,29,0.62,0.17,0.14,0.0,0.67,0.0,1.5,0.333,13.5,2.0,656794
101,Riley O\'Brien,31,0,Maj-NL,"Aug 9, 2026",St. Louis,,Colorado,1,0,,,1.0,1.0,0,0,0,0,0,0,0,0.0,,3,0,0,0,0,0,0,0,0,3,8,0.63,0.13,0.0,0.33,0.67,0.0,0.0,0.0,0.0,,676617
102,Michael Petersen,32,0,Maj-NL,"Aug 9, 2026",Miami,,Los Angeles,1,0,1.0,,,1.0,0,0,0,1,2,0,0,0.0,,3,0,0,0,0,0,0,0,0,4,15,0.67,0.13,0.2,0.0,0.0,1.0,1.0,0.0,18.0,2.0,656848
103,Evan Phillips,31,0,Maj-NL,"Aug 9, 2026",Los Angeles,@,Arizona,1,0,,,,1.0,0,0,0,0,2,0,0,0.0,,3,0,0,0,0,0,0,0,0,3,9,0.78,0.56,0.0,0.0,0.0,1.0,0.0,0.0,18.0,,623465
105,Cade Povich,26,0,Maj-AL,"Aug 9, 2026",Baltimore,@,Texas,1,1,,,,3.0,4,3,3,2,2,1,0,9.0,39,13,0,0,0,0,0,0,0,0,15,61,0.54,0.18,0.02,0.27,0.18,0.18,2.0,0.3,6.0,1.0,700249
106,Connor Prielipp,25,0,Maj-AL,"Aug 9, 2026",Minnesota,@,Milwaukee,1,1,,,,5.0,5,3,3,2,7,2,0,5.4,50,18,2,0,0,0,0,0,2,0,20,96,0.64,0.19,0.16,0.55,0.27,0.0,1.4,0.333,12.6,3.5,687570
107,Brooks Raley,38,0,Maj-NL,"Aug 9, 2026",Philadelphia,,Toronto,1,0,,,,1.0,0,0,0,0,0,0,0,0.0,,3,0,0,0,0,0,0,0,0,3,6,0.83,0.17,0.17,0.33,0.67,0.0,0.0,0.0,0.0,,548384
108,Trevor Richards,33,0,Maj-AL,"Aug 9, 2026",Chicago,,Cleveland,1,0,,,1.0,1.0,0,1,1,2,0,0,0,9.0,,2,0,0,0,0,1,0,0,0,5,22,0.41,0.14,0.0,0.0,0.67,0.0,2.0,0.0,0.0,0.0,670950
109,Kumar Rocker,26,0,Maj-AL,"Aug 9, 2026",Texas,,Baltimore,1,1,,1.0,,3.0,7,6,6,2,5,2,0,18.0,24,16,2,1,0,0,0,0,0,0,18,69,0.58,0.16,0.1,0.27,0.36,0.09,3.0,0.556,15.0,2.5,677958
110,Bradgley Rodriguez,22,0,Maj-NL,"Aug 9, 2026",San Diego,,Houston,1,0,,,,2.0,0,0,0,0,1,0,0,0.0,,6,0,0,0,0,0,0,0,0,6,17,0.65,0.18,0.12,0.2,0.2,0.0,0.0,0.0,4.5,,699134
111,Eduardo Rodr\xc3\xadguez,33,0,Maj-NL,"Aug 9, 2026",Arizona,,Los Angeles,1,1,1.0,,,7.0,5,2,2,2,9,0,0,2.57,66,26,1,1,0,0,0,0,0,0,28,115,0.69,0.12,0.15,0.35,0.41,0.06,1.0,0.294,11.6,4.5,593958
112,Grayson Rodriguez,26,0,Maj-AL,"Aug 9, 2026",Los Angeles,@,Miami,1,1,,1.0,,4.0,4,4,3,4,8,0,0,6.75,44,16,0,1,0,0,0,0,0,0,20,83,0.57,0.13,0.18,0.75,0.25,0.0,2.0,0.5,18.0,2.0,680570
113,Tyler Rogers,35,0,Maj-AL,"Aug 9, 2026",Toronto,@,Philadelphia,1,0,,,,1.0,1,0,0,2,0,0,0,0.0,,4,0,0,1,0,0,0,0,0,6,13,0.62,0.23,0.08,0.5,0.0,0.25,3.0,0.25,0.0,0.0,643511
114,Josh Rojas,32,0,Maj-AL,"Aug 9, 2026",Kansas City,,Chicago,1,0,,,,1.0,1,0,0,0,0,0,0,0.0,,4,0,0,0,0,0,0,0,0,4,13,0.54,0.08,0.0,0.25,0.25,0.0,1.0,0.25,0.0,,668942
115,Michael Rucker,32,0,Maj-AL,"Aug 9, 2026",Seattle,,Tampa Bay,1,0,,,,0.1,0,0,0,0,0,0,0,0.0,,1,0,0,0,0,0,0,0,0,1,2,1.0,0.5,0.0,1.0,0.0,0.0,0.0,0.0,0.0,,621074
116,Erik Sabrowski,28,0,Maj-AL,"Aug 9, 2026",Cleveland,@,Chicago,1,0,,,,0.2,0,0,0,3,0,0,0,0.0,,2,0,0,0,0,0,0,0,0,5,19,0.37,0.11,0.0,0.0,0.0,0.5,4.5,0.0,0.0,0.0,681870
117,Cam Schlittler,25,0,Maj-AL,"Aug 9, 2026",New York,,Atlanta,1,1,,,,7.0,3,1,1,0,11,1,0,1.29,78,24,1,0,0,0,0,0,0,0,24,96,0.7,0.11,0.22,0.23,0.23,0.23,0.429,0.167,14.1,,693645
118,Ian Seymour,27,0,Maj-AL,"Aug 9, 2026",Tampa Bay,@,Seattle,1,1,1.0,,,6.0,5,1,1,2,7,0,0,1.5,63,23,0,1,0,1,0,0,0,0,25,98,0.66,0.15,0.14,0.56,0.13,0.19,1.167,0.313,10.5,3.5,693855
119,Brady Singer,29,0,Maj-NL,"Aug 9, 2026",Cincinnati,@,Washington,1,1,,1.0,,6.0,8,3,3,1,3,1,0,4.5,46,25,0,0,0,0,1,0,0,0,27,103,0.69,0.17,0.09,0.3,0.35,0.13,1.5,0.318,4.5,3.0,663903
120,Evan Sisk,29,0,Maj-NL,"Aug 9, 2026",Pittsburgh,,New York,1,0,,,,1.0,2,1,1,2,0,0,0,9.0,,4,1,0,0,1,0,0,0,0,6,24,0.46,0.17,0.08,0.5,0.5,0.0,4.0,0.5,0.0,0.0,681895
121,Cade Smith,27,0,Maj-AL,"Aug 9, 2026",Cleveland,@,Chicago,1,0,,,,1.0,0,0,0,0,1,0,0,0.0,,3,0,0,0,0,0,0,0,0,3,12,0.67,0.17,0.17,0.5,0.0,0.0,0.0,0.0,9.0,,671922
122,Dylan Smith,26,0,Maj-NL,"Aug 9, 2026",San Francisco,,Detroit,1,0,,,,1.0,0,0,0,0,3,0,0,0.0,,3,0,0,0,0,0,0,0,0,3,17,0.53,0.18,0.18,,,,0.0,,27.0,,681916
123,Hagen Smith,22,0,Maj-AL,"Aug 9, 2026",Chicago,,Cleveland,1,0,1.0,,,2.0,0,0,0,4,3,0,0,0.0,,6,0,0,0,0,0,0,0,0,10,48,0.52,0.15,0.13,0.33,0.33,0.33,2.0,0.0,13.5,0.75,696146
124,Drew Sommers,25,0,Maj-AL,"Aug 9, 2026",Detroit,@,San Francisco,1,0,,,,1.1,2,0,0,1,2,0,0,0.0,,5,0,0,0,1,0,0,0,0,6,23,0.61,0.13,0.09,0.67,0.33,0.0,2.25,0.667,13.5,2.0,805427
125,George Soriano,27,0,Maj-NL,"Aug 9, 2026",St. Louis,,Colorado,1,0,1.0,,,1.0,2,1,1,1,0,1,0,9.0,,5,0,0,0,0,0,0,0,0,6,21,0.57,0.14,0.05,0.2,0.2,0.2,3.0,0.25,0.0,0.0,666277
126,Gregory Soto,31,0,Maj-NL,"Aug 9, 2026",Pittsburgh,,New York,1,0,,,,1.0,2,1,1,0,1,0,0,9.0,,5,1,0,0,0,0,0,0,0,5,24,0.58,0.17,0.13,0.5,0.25,0.0,2.0,0.5,9.0,,642397
127,Albert Su\xc3\xa1rez,36,0,Maj-AL,"Aug 9, 2026",Baltimore,@,Texas,1,0,,,,2.0,1,2,2,1,1,0,0,9.0,,7,0,1,0,0,0,0,0,0,8,32,0.59,0.06,0.09,0.17,0.17,0.5,1.0,0.167,4.5,1.0,544150
128,Abner Uribe,26,0,Maj-NL,"Aug 9, 2026",Milwaukee,,Minnesota,1,0,,,,1.0,0,0,0,2,0,0,0,0.0,,4,0,0,0,0,0,1,0,0,6,33,0.48,0.15,0.03,0.75,0.0,0.0,2.0,0.0,0.0,0.0,682842
129,Randy V\xc3\xa1squez,27,0,Maj-NL,"Aug 9, 2026",San Diego,,Houston,1,1,1.0,,,5.0,2,2,2,0,1,1,0,3.6,56,17,0,0,0,0,0,0,0,0,17,62,0.66,0.19,0.03,0.63,0.13,0.06,0.4,0.067,1.8,,681190
131,Victor Vodnik,26,0,Maj-NL,"Aug 9, 2026",Miami,,Los Angeles,1,0,,,,1.0,0,0,0,0,2,0,0,0.0,,3,0,0,0,0,0,0,0,0,3,13,0.77,0.23,0.23,0.0,0.0,0.0,0.0,0.0,18.0,,680767
132,Ryan Watson,28,0,Maj-AL,"Aug 9, 2026",Los Angeles,@,Miami,1,0,,,,1.0,2,1,0,0,0,0,0,0.0,,6,0,0,0,0,0,0,0,0,6,26,0.69,0.27,0.12,0.67,0.17,0.0,2.0,0.333,0.0,,670245
133,Logan Webb,29,0,Maj-NL,"Aug 9, 2026",San Francisco,,Detroit,1,1,,,,8.0,4,1,1,1,2,0,0,1.13,71,27,1,0,0,2,0,0,0,0,28,100,0.66,0.24,0.03,0.56,0.28,0.08,0.625,0.16,2.3,2.0,657277
134,Blake Weiman,30,0,Maj-AL,"Aug 9, 2026",Los Angeles,@,Miami,1,0,,,,1.0,0,0,0,0,2,0,0,0.0,,3,0,0,0,0,0,0,0,0,3,17,0.76,0.24,0.24,0.0,0.0,1.0,0.0,0.0,18.0,,676620
135,Jack Weisenburger,28,0,Maj-NL,"Aug 9, 2026",New York,@,Pittsburgh,1,0,,,,2.0,1,0,0,0,2,0,0,0.0,,7,0,0,0,0,0,0,0,0,7,29,0.62,0.07,0.1,0.4,0.4,0.0,0.5,0.2,9.0,,674073
136,Garrett Whitlock,30,0,Maj-AL,"Aug 9, 2026",Boston,,Athletics,1,0,,,,1.0,2,1,1,0,3,0,0,9.0,,5,1,0,0,0,0,1,0,0,5,23,0.74,0.17,0.22,0.0,0.5,0.5,2.0,1.0,27.0,,676477
137,Trevor Williams,34,0,Maj-NL,"Aug 9, 2026",Washington,,Cincinnati,1,0,,,,2.1,1,0,0,0,2,0,0,0.0,,7,0,0,0,1,0,0,0,0,7,36,0.61,0.17,0.06,0.6,0.2,0.2,0.429,0.2,7.7,,592866
138,Cole Winn,26,0,Maj-AL,"Aug 9, 2026",Texas,,Baltimore,1,0,,,,2.0,2,1,1,3,3,0,0,4.5,,7,0,0,0,1,0,0,0,0,10,42,0.6,0.1,0.21,0.25,0.5,0.0,2.5,0.5,13.5,1.0,668390
139,Justin Wrobleski,25,0,Maj-NL,"Aug 9, 2026",Los Angeles,@,Arizona,1,1,,1.0,,3.1,6,4,3,3,3,1,0,8.1,34,16,2,0,0,0,0,0,0,0,20,76,0.59,0.16,0.05,0.5,0.29,0.0,2.7,0.417,8.1,1.0,680736
140,Kirby Yates,39,0,Maj-NL,"Aug 9, 2026",Pittsburgh,,New York,1,0,,,,1.0,2,1,1,1,0,1,0,9.0,,5,0,0,0,0,0,0,0,0,6,29,0.59,0.1,0.0,0.2,0.2,0.2,3.0,0.25,0.0,0.0,489446
141,Craig Yoho,26,0,Maj-AL,"Aug 9, 2026",Cleveland,@,Chicago,1,0,,1.0,,0.1,2,4,4,4,0,1,0,108.0,,3,1,0,0,0,0,0,0,0,7,31,0.35,0.06,0.1,0.67,0.0,0.0,18.0,0.5,0.0,0.0,684974
142,Ryan Zeferjahn,28,0,Maj-NL,"Aug 9, 2026",Chicago,@,Kansas City,1,0,,,,1.0,1,0,0,0,2,0,0,0.0,,4,0,0,0,0,0,0,0,0,4,24,0.58,0.21,0.08,1.0,0.0,0.0,1.0,0.5,18.0,,666171
143,Tyler Zuber,31,0,Maj-NL,"Aug 9, 2026",Miami,,Los Angeles,1,0,,,,1.0,1,0,0,0,2,0,0,0.0,,4,0,0,0,0,0,0,0,0,4,18,0.67,0.11,0.28,0.5,0.5,0.0,1.0,0.5,18.0,,676604
